{
  "0": {
    "precision": 0.6617429837518464,
    "recall": 0.5333333333333333,
    "f1-score": 0.5906394199077126,
    "support": 840.0
  },
  "1": {
    "precision": 0.4578146611341632,
    "recall": 0.5910714285714286,
    "f1-score": 0.5159781761496492,
    "support": 560.0
  },
  "accuracy": 0.5564285714285714,
  "macro avg": {
    "precision": 0.5597788224430048,
    "recall": 0.562202380952381,
    "f1-score": 0.5533087980286809,
    "support": 1400.0
  },
  "weighted avg": {
    "precision": 0.5801716547047732,
    "recall": 0.5564285714285714,
    "f1-score": 0.5607749224044872,
    "support": 1400.0
  }
}