{
  "0": {
    "precision": 0.6175115207373272,
    "recall": 0.7976190476190477,
    "f1-score": 0.6961038961038961,
    "support": 840.0
  },
  "1": {
    "precision": 0.4603174603174603,
    "recall": 0.25892857142857145,
    "f1-score": 0.3314285714285714,
    "support": 560.0
  },
  "accuracy": 0.5821428571428572,
  "macro avg": {
    "precision": 0.5389144905273937,
    "recall": 0.5282738095238095,
    "f1-score": 0.5137662337662338,
    "support": 1400.0
  },
  "weighted avg": {
    "precision": 0.5546338965693806,
    "recall": 0.5821428571428572,
    "f1-score": 0.5502337662337663,
    "support": 1400.0
  }
}