{
  "LogisticRegression": {
    "accuracy": 0.555,
    "roc_auc": 0.5866879251700681,
    "f1": 0.517428350116189
  },
  "RandomForest": {
    "accuracy": 0.5821428571428572,
    "roc_auc": 0.5433471513605441,
    "f1": 0.3578485181119649
  }
}